Comment,Designator,Footprint,LCSC Part #
"2.2uF Polarized capacitor, small US symbol","C1,C42,C46,C49,C112,C118,C121,C122",C_0805_2012Metric_Pad1.18x1.45mm_HandSolder,C377773
"100pF Unpolarized capacitor, small symbol","C2,C19,C21,C38,C39,C44,C45,C51,C72,C83,C84,C91,C94,C95,C100,C107,C110,C111,C116,C117",C_0603_1608Metric,C14858
"100nF Unpolarized capacitor, small symbol","C3,C5,C6,C7,C8,C9,C10,C11,C12,C14,C16,C17,C18,C25,C32,C33,C34,C35,C36,C43,C47,C52,C53,C54,C55,C56,C57,C58,C59,C60,C61,C62,C63,C64,C66,C73,C78,C79,C81,C85,C86,C88,C96,C97,C99,C102,C113,C119,C120,C124,C126,C127,C128,C129,C130,C131,C159,C160,C161,C162,C163,C172,C173,C174,C175,C176,C177,C178,C179,C180,C181,C182,C183,C184,C185,C186,C187,C188,C189,C190,C191,C192,C193,C194,C195,C196,C197,C198,C199,C200,C201,C202,C217,C221,C227",C_0603_1608Metric,C14663
"10uF Unpolarized capacitor, small symbol","C4,C30,C71,C89,C90,C103,C104,C105,C132,C133,C136,C137,C138,C139,C141,C142,C143,C144,C145,C146,C147,C148,C149,C152,C153,C154,C155,C157,C158,C164,C165,C166,C167,C168,C169,C170,C171,C205,C206,C207,C209,C210,C211,C212,C213,C214,C215,C216,C218,C219,C223,C224,C225,C226",C_1206_3216Metric,C13585
"100uF Polarized capacitor, small US symbol","C13,C15,C27,C28,C29,C48,C69,C70,C75,C76,C77,C134,C135,C140,C150,C151,C156,C208,C220,C222",CP_Radial_D6.3mm_P2.50mm_reference_fix,C2831718
"1p Unpolarized capacitor, small symbol","C20,C65,C87,C98",C_0603_1608Metric,
"470pF Unpolarized capacitor, small symbol","C22,C23,C40,C41,C108,C109,C114,C115",C_0603_1608Metric,C1620
"1nF Unpolarized capacitor, small symbol","C24,C50,C68,C74,C82,C92,C93,C101,C106,C228",C_0603_1608Metric,C1588
"100uF tantal Polarized capacitor, small US symbol",C26,CP_EIA-3528-21_Kemet-B,C16133
12pF Unpolarized capacitor,"C31,C37,C123,C125",C_0603_1608Metric,C38523
"33nF Unpolarized capacitor, small symbol",C67,C_0805_2012Metric_Pad1.18x1.45mm_HandSolder,C21117
"10uF tantal Polarized capacitor, small US symbol",C80,CP_EIA-3216-18_Kemet-A,C7171
"20pF Unpolarized capacitor, small symbol","C203,C204",C_0402_1005Metric,C1554
"1N5819 40V 1A Schottky Barrier Rectifier Diode, DO-41","D1,D4,D5,D6,D7,D8,D9,D12,D13,D14,D15,D16,D17,D18,D19,D20",D_SOD-323,C191023
LED Light emitting diode,DISPLAY_OK1,LED_0603_1608Metric_Pad1.05x0.95mm_HandSolder,C2297
LED Light emitting diode,DSP_OK1,LED_0603_1608Metric_Pad1.05x0.95mm_HandSolder,C2297
MountingHole_Pad Mounting Hole with connection,"H1,H2,H3,H4,H5,H6",MountingHole_3.2mm_M3_DIN965_Pad,
"External_POT Audio Jack, 3 Poles (Stereo / TRS), Grounded Sleeve, Switched TR Poles (Normalling)",J1,6.3_jack_new_ref,C309277
"STlink_DSP Generic connector, single row, 01x04, script generated (kicad-library-utils/schlib/autogen/connector/)",J2,PinHeader_1x04_P2.54mm_Vertical,
"Conn_01x02_i2c Generic connector, single row, 01x02, script generated (kicad-library-utils/schlib/autogen/connector/)",J4,PinHeader_1x02_P2.54mm_Vertical,
Barrel_Jack_MountingPin DC Barrel Jack with a mounting pin,J5,BarrelJack_GCT_DCJ200-10-A_Horizontal,C3010533
"AudioJack_LOOP1_SEND Audio Jack, 3 Poles (Stereo / TRS), Grounded Sleeve, Switched TR Poles (Normalling)",J7,6.3_jack_new_ref,C309277
"AudioJack_LOOP1_RETURN Audio Jack, 3 Poles (Stereo / TRS), Grounded Sleeve, Switched TR Poles (Normalling)",J8,6.3_jack_new_ref,C309277
"AudioJack_LOOP2_SEND Audio Jack, 3 Poles (Stereo / TRS), Grounded Sleeve, Switched TR Poles (Normalling)",J9,6.3_jack_new_ref,C309277
"AudioJack_LOOP3_SEND Audio Jack, 3 Poles (Stereo / TRS), Grounded Sleeve, Switched TR Poles (Normalling)",J11,6.3_jack_new_ref,C309277
"AudioJack_LOOP3_RETURN Audio Jack, 3 Poles (Stereo / TRS), Grounded Sleeve, Switched TR Poles (Normalling)",J12,6.3_jack_new_ref,C309277
"AudioJack_OUTPUT Audio Jack, 3 Poles (Stereo / TRS), Grounded Sleeve, Switched TR Poles (Normalling)",J13,6.3_jack_new_ref,C309277
"AudioJack_INPUT Audio Jack, 3 Poles (Stereo / TRS), Grounded Sleeve, Switched TR Poles (Normalling)",J14,6.3_jack_new_ref,C309277
"AudioJack_LOOP2_RETURN Audio Jack, 3 Poles (Stereo / TRS), Grounded Sleeve, Switched TR Poles (Normalling)",J15,6.3_jack_new_ref,C309277
"STlink_DISP_MCU Generic connector, single row, 01x04, script generated (kicad-library-utils/schlib/autogen/connector/)",J16,PinHeader_1x04_P2.54mm_Vertical,
"Conn_01x10_Footswitch Generic connector, single row, 01x10, script generated (kicad-library-utils/schlib/autogen/connector/)",J17,IDC-Header_2x05_P2.54mm_Vertical,C5665
"Conn_01x16_ILI9341 Generic connector, single row, 01x16, script generated (kicad-library-utils/schlib/autogen/connector/)",J18,PinHeader_1x16_P2.54mm_Vertical,
10uH Inductor,"L1,L2,L3,L4,L5,L6,L7,L8",L_Sunlord_SWPA6020S,C242335
USB_C_Plug_USB2.0 USB 2.0-only Type-C Plug connector,P1,USB_C_Receptacle_XKB_U262-16XN-4BVC11,C393939
"URB2405S-6WR3 XP Power 6W, 1000 VDC Isolated DC/DC Converter Module, Single Output Voltage 15V, ±400mA, 24V Input Voltage, SIP",PS1,Converter_DCDC_XP_POWER-ITxxxxxS_THT,C969046
"WRA2412S-3WR2 XP Power 6W, 1000 VDC Isolated DC/DC Converter Module, Dual Output Voltage ±12V, ±250mA, 24V Input Voltage, SIP",PS2,Converter_DCDC_XP_POWER-ITxxxxxS_THT,C5369662
10k Resistor,"R1,R18,R75,R78,R80,R82",R_0603_1608Metric,C25804
100R Resistor,"R2,R3,R8,R9,R11,R24,R26,R28,R34,R37,R39,R40,R41,R43,R46,R48,R49,R50,R52,R55,R57,R58,R74",R_0603_1608Metric,C22775
1M Resistor,"R4,R29,R42,R51",R_0603_1608Metric,C22935
510k Resistor,"R5,R35,R44,R53",R_0603_1608Metric,C23192
4k7 Resistor,"R6,R7,R36,R38,R45,R47,R54,R56",R_0603_1608Metric,C23162
3k Resistor,"R10,R13,R14,R15,R16,R19,R20,R21,R22,R27,R30,R31,R32,R59,R60,R61,R62,R63,R64,R66,R67,R68,R69,R70,R71,R72,R86",R_0603_1608Metric,C4211
1k Resistor,"R12,R17,R23,R25,R33,R65,R73,R76,R77,R79,R81,R83,R84,R85",R_0603_1608Metric,C21190
2.7k Resistor,R87,R_0603_1608Metric,C13167
R_Potentiometer Potentiometer,"RV1,RV2,RV3,RV4,RV5,RV6",Potentiometer_Alps_RK09L_Single_Vertical,
SW_SPST Single Pole Single Throw (SPST) switch,"SW1,SW2",SW_SPST_TL3305A,
TestPoint_PWR_IN test point,TP1,TestPoint_Pad_D1.5mm,
TestPoint_5V test point,TP2,TestPoint_Pad_D1.5mm,
TestPoint_9V test point,TP3,TestPoint_Pad_D1.5mm,
TestPoint_-9V test point,TP4,TestPoint_Pad_D1.5mm,
TestPoint_3V3 test point,"TP5,TP7",TestPoint_Pad_D1.5mm,
TestPoint_3V3A test point,TP6,TestPoint_Pad_D1.5mm,
IS42S16100H-7TL ,U1,TSOP-2-50-new,C150435
"OP275 Dual Bipolar/JFET, Audio Operational Amplifier, DIP-8/SOIC-8","U2,U4,U8,U10,U12,U14",SSOP-8_3.9x5.05mm_P1.27mm,C161797
"7909 Negative 100mA -30V Linear Regulator, Fixed Output -5V, SOT-89",U3,SOT-89-3,C8623
"AP1117-33 1A Low Dropout regulator, positive, 3.3V fixed output, SOT-223","U5,U9,U20",SOT-223,C6186
"7809 Positive 100mA 30V Linear Regulator, Fixed Output 9V, SOT-89",U6,SOT-89-3,C5451665
"STM32H723ZGTx STMicroelectronics Arm Cortex-M7 MCU, 1024KB flash, 564KB RAM, 550 MHz, 1.62-3.6V, 114 GPIO, LQFP144","U7,U15",LQFP-144_20x20mm_P0.5mm,C730146
~ ,U11,LQFP-64_10x10mm_P0.5mm,C2913556
74HC14 Hex inverter schmitt trigger,U13,SOIC-14_3.9x8.7mm_P1.27mm,C5605
"USBLC6-2P6 Very low capacitance ESD protection diode, 2 data-line, SOT-666",U16,SOT-666,C15999
"W25Q128JVS 128Mb Serial Flash Memory, Standard/Dual/Quad SPI, SOIC-8","U17,U18",SOIC-8_5.23x5.23mm_P1.27mm,C97521
"FE1.1s USB 2.0 High Speed 4-Port Hub Controller, SSOP-28",U19,SSOP-28_3.9x9.9mm_P0.635mm,C9359
"X1E0000210132 Four pin crystal, GND on pins 2 and 4, small symbol","Y1,Y2",Crystal_SMD_SeikoEpson_TSX3225-4Pin_3.2x2.5mm_HandSoldering,C9006
"Crystal_GND24 Four pin crystal, GND on pins 2 and 4",Y3,Crystal_SMD_3225-4Pin_3.2x2.5mm,C9002
